{"sources":[{"balance":0.5,"deinterlace_field_order":0,"deinterlace_mode":0,"enabled":true,"flags":0,"hotkeys":{},"id":"text_gdiplus","mixers":0,"monitoring_type":0,"muted":false,"name":"Snip Album","prev_ver":453050369,"private_settings":{},"push-to-mute":false,"push-to-mute-delay":0,"push-to-talk":false,"push-to-talk-delay":0,"settings":{"align":"left","antialiasing":true,"bk_color":0,"bk_opacity":0,"chatlog_lines":6,"color":16777215,"extents_cx":100,"extents_cy":100,"extents_wrap":true,"font":{"face":"Arial","flags":0,"size":180,"style":"Regular"},"gradient_color":16777215,"gradient_dir":90,"gradient_opacity":100,"opacity":100,"outline_color":16777215,"outline_opacity":100,"outline_size":2,"text":"Snip Album","transform":0,"valign":"top"},"sync":0,"versioned_id":"text_gdiplus_v2","volume":1.0},{"balance":0.5,"deinterlace_field_order":0,"deinterlace_mode":0,"enabled":true,"flags":0,"hotkeys":{},"id":"image_source","mixers":0,"monitoring_type":0,"muted":false,"name":"Snip Artwork","prev_ver":453050369,"private_settings":{},"push-to-mute":false,"push-to-mute-delay":0,"push-to-talk":false,"push-to-talk-delay":0,"settings":{},"sync":0,"versioned_id":"image_source","volume":1.0},{"balance":0.5,"deinterlace_field_order":0,"deinterlace_mode":0,"enabled":true,"flags":0,"hotkeys":{},"id":"text_gdiplus","mixers":0,"monitoring_type":0,"muted":false,"name":"Snip Artist","prev_ver":453050369,"private_settings":{},"push-to-mute":false,"push-to-mute-delay":0,"push-to-talk":false,"push-to-talk-delay":0,"settings":{"align":"left","antialiasing":true,"bk_color":0,"bk_opacity":0,"chatlog_lines":6,"color":16777215,"extents_cx":100,"extents_cy":100,"extents_wrap":true,"font":{"face":"Arial","flags":0,"size":150,"style":"Regular"},"gradient_color":16777215,"gradient_dir":90.0,"gradient_opacity":100,"opacity":100,"outline_color":16777215,"outline_opacity":100,"outline_size":2,"text":"Snip Artist","transform":0,"valign":"top"},"sync":0,"versioned_id":"text_gdiplus_v2","volume":1.0},{"balance":0.5,"deinterlace_field_order":0,"deinterlace_mode":0,"enabled":true,"flags":0,"hotkeys":{},"id":"text_gdiplus","mixers":0,"monitoring_type":0,"muted":false,"name":"Snip Track","prev_ver":453050369,"private_settings":{},"push-to-mute":false,"push-to-mute-delay":0,"push-to-talk":false,"push-to-talk-delay":0,"settings":{"align":"left","antialiasing":true,"bk_color":0,"bk_opacity":0,"chatlog_lines":6,"color":16777215,"extents_cx":100,"extents_cy":100,"extents_wrap":true,"font":{"face":"Arial","size":256},"gradient_color":16777215,"gradient_dir":90,"gradient_opacity":100,"opacity":100,"outline_color":16777215,"outline_opacity":100,"outline_size":2,"text":"Snip Track","transform":0,"valign":"top"},"sync":0,"versioned_id":"text_gdiplus_v2","volume":1.0},{"balance":0.5,"deinterlace_field_order":0,"deinterlace_mode":0,"enabled":true,"flags":0,"hotkeys":{"OBSBasic.SelectScene":[],"libobs.hide_scene_item.Snip Album":[],"libobs.hide_scene_item.Snip Artist":[],"libobs.hide_scene_item.Snip Artwork":[],"libobs.hide_scene_item.Snip Track":[],"libobs.show_scene_item.Snip Album":[],"libobs.show_scene_item.Snip Artist":[],"libobs.show_scene_item.Snip Artwork":[],"libobs.show_scene_item.Snip Track":[]},"id":"scene","mixers":0,"monitoring_type":0,"muted":false,"name":"Snip","prev_ver":453050369,"private_settings":{},"push-to-mute":false,"push-to-mute-delay":0,"push-to-talk":false,"push-to-talk-delay":0,"settings":{"custom_size":false,"id_counter":4,"items":[{"align":5,"bounds":{"x":0.0,"y":0.0},"bounds_align":0,"bounds_type":0,"crop_bottom":0,"crop_left":0,"crop_right":0,"crop_top":0,"group_item_backup":false,"hide_transition":{"duration":2000,"id":"slide_transition","name":"Snip Album Hide Transition","transition":{"direction":"left"},"versioned_id":"slide_transition"},"id":2,"locked":false,"name":"Snip Album","pos":{"x":693.0,"y":452.0},"private_settings":{},"rot":0.0,"scale":{"x":1.0,"y":1.0},"scale_filter":"disable","show_transition":{"duration":2000,"id":"slide_transition","name":"Snip Album Show Transition","transition":{"direction":"right"},"versioned_id":"slide_transition"},"visible":true},{"align":5,"bounds":{"x":0.0,"y":0.0},"bounds_align":0,"bounds_type":0,"crop_bottom":0,"crop_left":0,"crop_right":0,"crop_top":0,"group_item_backup":false,"hide_transition":{"duration":1000,"id":"slide_transition","name":"Snip Artwork Hide Transition","transition":{"direction":"down"},"versioned_id":"slide_transition"},"id":1,"locked":false,"name":"Snip Artwork","pos":{"x":0.0,"y":0.0},"private_settings":{},"rot":0.0,"scale":{"x":1.0,"y":1.0},"scale_filter":"disable","show_transition":{"duration":1000,"id":"slide_transition","name":"Snip Artwork Show Transition","transition":{"direction":"up"},"versioned_id":"slide_transition"},"visible":true},{"align":5,"bounds":{"x":0.0,"y":0.0},"bounds_align":0,"bounds_type":0,"crop_bottom":0,"crop_left":0,"crop_right":0,"crop_top":0,"group_item_backup":false,"hide_transition":{"duration":1500,"id":"slide_transition","name":"Snip Artist Hide Transition","transition":{"direction":"left"},"versioned_id":"slide_transition"},"id":3,"locked":false,"name":"Snip Artist","pos":{"x":690.0,"y":298.0},"private_settings":{},"rot":0.0,"scale":{"x":1.0,"y":1.0},"scale_filter":"disable","show_transition":{"duration":1500,"id":"slide_transition","name":"Snip Artist Show Transition","transition":{"direction":"right"},"versioned_id":"slide_transition"},"visible":true},{"align":5,"bounds":{"x":0.0,"y":0.0},"bounds_align":0,"bounds_type":0,"crop_bottom":0,"crop_left":0,"crop_right":0,"crop_top":0,"group_item_backup":false,"hide_transition":{"duration":1000,"id":"slide_transition","name":"Snip Track Hide Transition","transition":{"direction":"left"},"versioned_id":"slide_transition"},"id":4,"locked":false,"name":"Snip Track","pos":{"x":685.0,"y":0.0},"private_settings":{},"rot":0.0,"scale":{"x":1.0,"y":1.0},"scale_filter":"disable","show_transition":{"duration":1000,"id":"slide_transition","name":"Snip Track Show Transition","transition":{"direction":"right"},"versioned_id":"slide_transition"},"visible":true}]},"sync":0,"versioned_id":"scene","volume":1.0}]}